Scientific name,Common name,TP50,TP25,TP75
Ablennes hians,Psetta maxima,27,26,28
Abudefduf luridus,Canary damsel,20,19,20
Acanthistius brasilianus,Sea bass,14,13,16
Acanthocybium solandri,Wahoo,26,25,28
Acanthopagrus berda,Picnic seabream,27,25,29
Acanthopagrus bifasciatus,Twobar seabream,27,26,28
Acanthopagrus latus,Yellowfin seabream,27,26,29
Acanthopagrus schlegeli,Black porgy,17,16,20
Acanthurus sohal,Sohal surgeonfish,27,26,27
Acetes japonicus,Akiami paste shrimp,25,23,28
Aethaloperca rogaa,Redmouth grouper,27,26,29
Albula vulpes,Bonefish,27,25,28
Alectis alexandrinus,African threadfish,24,21,26
Alepes djedaba,Shrimp scad,27,26,29
Alepocephalus bairdii,Bairds smooth-head,12,7,17
Alepocephalus rostratus,Rissos smooth-head,19,17,21
Allocyttus niger,Black oreo,8,5,10
Alopias superciliosus,Bigeye thresher,27,25,28
Alopias vulpinus,Thintail thresher,25,21,28
Alosa aestivalis,Blueback shad,14,11,18
Alosa alosa,Allis shad,15,12,18
Alosa fallax,Twaite shad,15,12,18
Alosa mediocris,Hickory shad,18,14,21
Alosa pontica,Pontic shad,13,13,14
Alosa pseudoharengus,Alewife,8,6,11
Alosa sapidissima,American shad,11,8,14
Amblyraja hyperborea,Arctic skate,10,5,15
Ammodytes personatus,Pacific sandeel,14,11,16
Anadara granosa,Blood cockle,28,27,28
Anarhichas denticulatus,Northern wolffish,6,2,9
Anarhichas lupus,Wolf-fish,8,5,10
Anarhichas minor,Spotted wolffish,5,2,8
Anchoa hepsetus,Broad-striped anchovy,25,23,27
Anchoa mitchilli,Bay anchovy,23,20,25
Anodontostoma chacunda,Chacunda gizzard shad,28,28,28
Anoplopoma fimbria,Sablefish,11,7,15
Anthias anthias,Swallowtail seaperch,20,18,23
Antimora rostrata,Blue antimora,25,21,28
Aphanopus carbo,Black scabbardfish,11,7,15
Aphanopus intermedius,Intermediate scabbardfish,25,22,27
Aphareus rutilans,Rusty jobfish,27,26,29
Apostichopus japonicus,Japanese sea cucumber,17,14,21
Archosargus probatocephalus,Sheepshead seabream,26,24,28
Arctica islandica,Ocean quahog,8,5,11
Arctoscopus japonicus,Sailfin sandfish,5,4,8
Argentina silus,Greater argentine,7,3,10
Argentina sphyraena,Argentine,16,12,19
Argopecten circularis,Pacific calico scallop,26,23,28
Argopecten gibbus,Calico scallop,25,23,27
Argopecten irradians,Atlantic bay scallop,19,13,24
Argopecten purpuratus,Peruvian calico scallop,21,20,22
Argyrops spinifer,King soldierbream,27,27,28
Argyrosomus hololepidotus,Southern meagre,25,23,27
Argyrosomus regius,Meagre,19,16,21
Argyrozona argyrozona,Carpenter seabream,19,18,20
Ariomma indica,Indian ariomma,27,26,29
Aristeus antennatus,Blue and red shrimp,19,19,20
Aristeus varidens,Striped red shrimp,26,25,27
Arius thalassinus,Giant seacatfish,27,26,28
Arripis georgianus,Australian ruff,17,16,18
Arripis trutta,Eastern Australian salmon,16,15,17
Artemesia longinaris,Argentine stiletto shrimp,16,14,19
Atheresthes stomias,Arrowtooth flounder,8,4,13
Atherina boyeri,Big-scale sand smelt,14,11,17
Atherina presbyter,Sand smelt,16,13,18
Atractoscion aequidens,Geelbeck croaker,27,25,29
Atractoscion nobilis,White weakfish,15,12,20
Atrobucca nibe,Longfin kob,28,27,28
Atule mate,Yellowtail scad,27,27,28
Aulacomya ater,Cholga mussel,14,12,16
Austroglossus microlepis,West coast sole,17,17,18
Austroglossus pectoralis,Mud sole,21,18,23
Auxis rochei,Bullet tuna,27,26,28
Auxis thazard,Frigate tuna,27,25,28
Balistes capriscus,Grey triggerfish,25,22,27
Bathyraja eatonii,Eatons skate,0,-1,2
Bathyraja irrasa,Kerguelen sandpaper skate,3,3,3
Bathyraja maccaini,McCains skate,-2,-2,-1
Bathyraja meridionalis,Dark-belly skate,1,1,2
Bathyraja murrayi,Murrays skate,3,2,3
Belone belone,Garpike,15,12,18
Benthalbella elongata,Benthalbella elongata,8,5,11
Benthosema pterotum,Skinnycheek lanternfish,27,26,29
Beryx decadactylus,Alfonsino,23,17,26
Beryx splendens,Splendid alfonsino,27,25,28
Bolbometopon muricatum,Green humphead parrotfish,28,27,28
Boops boops,Bogue,20,16,24
Boreogadus saida,Polar cod,0,-1,3
Borostomias antarcticus,Borostomias antarcticus,19,14,23
Bothus pantherinus,Leopard flounder,27,26,29
Brachydeuterus auritus,Bigeye grunt,26,25,27
Brama brama,Atlantic pomfret,24,20,27
Bregmaceros mcclellandi,Spotted codlet,28,28,28
Brevoortia aurea,Brazilian menhaden,18,17,19
Brevoortia patronus,Gulf menhaden,24,24,26
Brevoortia pectinata,Argentine menhaden,17,16,18
Brevoortia tyrannus,Atlantic menhaden,18,14,22
Brosme brosme,Tusk,9,7,10
Brotula barbata,Bearded brotula,27,26,28
Buccinum undatum,Whelk,11,10,12
Callinectes danae,Dana's swimming crab,26,24,27
Callinectes sapidus,Blue crab,25,22,27
Callista chione,Smooth callista,12,10,14
Callorhinchus capensis,Cape elephantfish,22,19,25
Callorhinchus milii,Ghost shark,15,13,15
Cancer borealis,Jonah crab,12,8,16
Cancer irroratus,Atlantic rock crab,21,17,25
Cancer magister,Dungeness crab,10,7,13
Cancer pagurus,Edible crab,14,11,16
Cancer productus,Pacific rock crab,10,7,13
Capromimus abbreviatus,Capro dory,11,10,13
Capros aper,Boarfish,19,12,23
Carangoides bajad,Orangespotted trevally,28,28,28
Carangoides fulvoguttatus,Yellowspotted trevally,28,27,29
Carangoides malabaricus,Malabar trevally,27,26,29
Carangoides ruber,Bar jack,25,23,27
Caranx crysos,Blue runner,25,24,27
Caranx hippos,Crevalle jack,27,26,28
Caranx ignobilis,Giant trevally,27,26,28
Caranx melampygus,Bluefin trevally,28,27,28
Caranx rhonchus,False scad,24,21,26
Caranx sexfasciatus,Bigeye trevally,27,26,29
Carcharhinus brachyurus,Copper shark,26,23,28
Carcharhinus falciformis,Silky shark,26,25,28
Carcharhinus limbatus,Blacktip shark,27,26,28
Carcharhinus longimanus,Oceanic whitetip shark,27,26,28
Carcharhinus obscurus,Dusky shark,26,24,27
Carcharhinus plumbeus,Sandbar shark,26,25,28
Carcharhinus sorrah,Spottail shark,28,27,28
Carcharias taurus,Sand tiger shark,27,24,28
Carcharodon carcharias,Great white shark,24,20,27
Carcinus aestuarii,Mediterranean shore crab,19,18,20
Carcinus maenas,Green crab,13,9,16
Cardium edule,Common edible cockle,10,8,13
Caulolatilus chrysops,Atlantic goldeye tilefish,27,26,27
Caulolatilus princeps,Ocean whitefish,27,25,28
Centriscops humerosus,Banded yellowfish,17,17,18
Centroberyx affinis,Redfish,18,17,19
Centrolophus niger,Blackfish,19,15,23
Centrophorus granulosus,Gulper shark,24,21,26
Centrophorus lusitanicus,Lowfin gulper shark,27,26,28
Centrophorus squamosus,Leafscale gulper shark,22,18,25
Centropomus undecimalis,Common snook,27,27,27
Centropristis striata,Black seabass,19,14,23
Centroscyllium fabricii,Black dogfish,24,21,27
Centroscymnus coelolepis,Portuguese dogfish,20,16,23
Centroscymnus crepidater,Longnose velvet dogfish,23,19,26
Cephalopholis argus,Peacock hind,27,26,29
Cephalopholis fulva,Coney,27,26,27
Cephalopholis hemistiktos,Yellowfin hind,26,26,27
Cephalopholis miniata,Coral hind,28,27,28
Cepola macrophthalma,Red bandfish,18,11,23
Cervimunida johni,Carrot Squat Lobster,13,12,14
Cetengraulis edentulus,Atlantic anchoveta,27,26,28
Cetengraulis mysticetus,Pacific anchoveta,27,24,28
Cetorhinus maximus,Basking shark,18,13,21
Chaenocephalus aceratus,Blackfin icefish,-1,-1,-1
Chaenodraco wilsoni,Spiny icefish,-2,-2,-1
Champsocephalus gunnari,Mackerel icefish,-1,-2,1
Channichthys rhinoceratus,Unicorn icefish,3,3,4
Cheilodactylus variegatus,Peruvian morwong,18,17,19
Cheilopogon agoo,Japanese flyingfish,24,23,25
Cheimerius nufar,Santer seabream,26,24,28
Chelidonichthys capensis,Cape gurnard,19,16,22
Chelidonichthys gurnardus,Grey gurnard,11,5,17
Chelidonichthys kumu,Bluefin gurnard,27,25,28
Chelidonichthys lastoviza,Streaked gurnard,18,14,22
Chelidonichthys lucerna,Tub gurnard,15,8,22
Chelon haematocheilus,So-iny (redlip) mullet,19,18,21
Chelon labrosus,Thicklip grey mullet,14,10,18
Chimaera monstrosa,Rabbit fish,12,7,18
Chione stutchburyi,Stutchbury's venus,15,13,16
Chionobathyscus dewitti,Chionobathyscus dewitti,-2,-2,-1
Chionodraco myersi,Chionodraco myersi,-2,-2,-2
Chionodraco rastrospinosus,Ocellated icefish,-1,-2,-1
Chionoecetes opilio,Queen crab,4,2,6
Chirocentrus dorab,Dorab wolf-herring,28,27,28
Chirocentrus nudus,Whitefin wolf-herring,28,26,29
Chlamys islandica,Iceland scallop,8,5,11
Chlamys opercularis,Queen scallop,12,11,13
Chlamys varia,Variegated scallop,17,14,20
Chloroscombrus chrysurus,Atlantic bumper,27,25,29
Chloroscombrus orqueta,Pacific bumper,22,17,25
Choromytilus chorus,Choro mussel,12,11,13
Chromis chromis,Damselfish,23,20,25
Chrysophrys auratus,Squirefish,27,25,28
Ciliata mustela,Fivebeard rockling,7,3,11
Citharichthys sordidus,Pacific sanddab,17,8,23
Citharus linguatula,Atlantic spotted flounder,22,19,25
Clinocardium nuttallii,Nuttall cockle,7,5,10
Clupanodon thrissa,Chinese gizzard shad,27,26,28
Clupea harengus,Atlantic herring,8,5,11
Clupea harengus membras,Baltic herring,8,7,8
Clupea pallasii,Pacific herring,7,4,11
Clupeonella cultriventris,Black Sea sprat,14,14,14
Cololabis saira,Pacific saury,9,6,13
Concholepas concholepas,False abalone,12,11,14
Conger conger,European conger,16,9,22
Conger myriaster,Whitespotted conger,22,21,24
Conger oceanicus,American conger,25,23,27
Conger orbignyanus,Argentine conger,23,18,25
Conodon nobilis,Barred grunt,27,26,27
Coregonus albula,Vendace,9,8,10
Coregonus lavaretus,Common whitefish,10,8,12
Coregonus oxyrinchus,Houting,10,9,11
Coryphaena hippurus,Common dolphinfish,27,26,28
Coryphaenoides rupestris,Roundnose grenadier,10,6,13
Crangon crangon,Common shrimp,11,9,14
Crassostrea gigas,Pacific cupped oyster,13,10,16
Crassostrea iredalei,Slipper cupped oyster,28,28,28
Crassostrea rhizophorae,Mangrove cupped oyster,27,27,27
Crassostrea virginica,American cupped oyster,24,22,27
Crenidens crenidens,Karenteen seabream,26,24,28
Cryodraco antarcticus,Cryodraco antarcticus,-2,-2,-2
Ctenolabrus rupestris,Goldsinny-wrasse,11,7,15
Cyclopterus lumpus,Lumpsucker,7,3,10
Cynoscion analis,Peruvian weakfish,25,22,27
Cynoscion nebulosus,Spotted weakfish,23,20,26
Cynoscion regalis,Gray weakfish,15,12,18
Cynoscion striatus,South American striped weakfish,16,15,17
Cyttus traversi,King dory,18,17,20
Dalatias licha,Kitefin shark,23,19,26
Dasyatis akajei,Red stingray,28,26,29
Dasyatis centroura,Roughtail stingray,25,23,28
Dasyatis pastinaca,Common stingray,21,17,25
Deania calcea,Birdbeak dogfish,20,17,23
Decapterus maruadsi,Japanese scad,28,27,28
Decapterus russelli,Indian scad,28,27,28
Dentex angolensis,Angola dentex,28,26,29
Dentex congoensis,Congo dentex,27,25,27
Dentex dentex,Common dentex,19,17,20
Dentex macrophthalmus,Large-eye dentex,23,20,25
Dentex maroccanus,Morocco dentex,19,17,21
Diagramma pictum,Painted sweetlips,28,27,28
Diastobranchus capensis,Basketwork eel,17,15,19
Dicentrarchus labrax,European seabass,14,10,17
Dicentrarchus punctatus,Spotted seabass,18,16,20
Dicologlossa cuneata,Wedge sole,27,25,28
Diplectrum formosum,Sand seabass,26,25,27
Diplodus annularis,Annular seabream,13,10,17
Diplodus argenteus,South American silver porgy,27,26,27
Diplodus cervinus,Zebra seabream,21,18,24
Diplodus puntazzo,Sharpsnout seabream,23,20,25
Diplodus sargus,White seabream,22,19,25
Diplodus vulgaris,Common two-banded seabream,21,18,24
Dipturus batis,Blue skate,19,17,20
Dipturus laevis,Barndoor skate,8,6,10
Dipturus linteus,Sailray,6,3,9
Dipturus oxyrinchus,Longnosed skate,18,17,20
Dissostichus eleginoides,Patagonian toothfish,7,5,10
Dissostichus mawsoni,Antarctic toothfish,-1,-2,-1
Dorosoma cepedianum,American gizzard shad,20,16,24
Dosidicus gigas,Jumbo flying squid,26,24,28
Dussumieria acuta,Rainbow sardine,28,28,28
Dussumieria elopsoides,Slender rainbow sardine,28,27,28
Echinorhinus brucus,Bramble shark,26,23,28
Echinus esculentus,European edible sea urchin,11,9,13
Elagatis bipinnulata,Rainbow runner,27,26,28
Eledone cirrhosa,Horned octopus,18,16,20
Eleginops maclovinus,Patagonian blennie,8,8,9
Eleginus gracilis,Saffron cod,5,3,7
Eleginus navaga,Navaga,0,-1,2
Eleutheronema tetradactylum,Fourfinger threadfin,28,27,28
Elops lacerta,West African ladyfish,26,24,27
Elops saurus,Ladyfish,27,27,27
Emmelichthys nitidus,Redbait,26,24,28
Enchelyopus cimbrius,Fourbeard rockling,9,4,14
Engraulis anchoita,Argentine anchoita,15,12,19
Engraulis capensis,Cape anchovy,19,17,21
Engraulis encrasicolus,European anchovy,19,15,23
Engraulis japonicus,Japanese anchovy,23,19,26
Engraulis mordax,Californian anchovy,16,13,20
Engraulis ringens,Anchoveta,17,15,19
Ensis directus,Atlantic razor clam,11,8,13
Eopsetta jordani,Petrale sole,9,7,11
Epigonus telescopus,Bulls-eye,19,18,21
Epinephelus aeneus,White grouper,27,25,28
Epinephelus analogus,Spotted grouper,28,27,28
Epinephelus areolatus,Areolate grouper,28,27,28
Epinephelus chlorostigma,Brownspotted grouper,28,27,28
Epinephelus coioides,Orange-spotted grouper,27,26,28
Epinephelus fasciatus,Blacktip grouper,27,26,28
Epinephelus flavolimbatus,Yellowedge grouper,27,26,27
Epinephelus fuscoguttatus,Brown-marbled grouper,28,27,28
Epinephelus goreensis,Dungat grouper,26,25,27
Epinephelus guttatus,Red hind,26,25,27
Epinephelus marginatus,Dusky grouper,25,21,27
Epinephelus morio,Red grouper,27,25,28
Epinephelus morrhua,Comet grouper,28,27,28
Epinephelus multinotatus,White-blotched grouper,28,27,29
Epinephelus nigritus,Warsaw grouper,27,27,27
Epinephelus niveatus,Snowy grouper,26,25,28
Epinephelus polyphekadion,Camouflage grouper,27,26,29
Epinephelus striatus,Nassau grouper,27,26,27
Epinephelus summana,Summan grouper,26,25,28
Epinephelus tauvina,Greasy grouper,27,26,28
Erimacrus isenbeckii,Hair Crab,7,3,11
Ethmalosa fimbriata,Bonga shad,27,26,27
Ethmidium maculatum,Pacific menhaden,18,16,19
Etmopterus granulosus,Southern lanternshark,11,8,15
Etmopterus spinax,Velvet belly lantern shark,24,21,27
Etrumeus teres,Round herring,25,21,27
Etrumeus whiteheadi,Whiteheads round herring,19,17,21
Euphausia superba,Antarctic krill,-1,-2,-1
Euthynnus affinis,Kawakawa,28,27,28
Euthynnus alletteratus,Little tunny,23,20,26
Euthynnus lineatus,Black skipjack,28,27,28
Fistularia tabacaria,Cornet fish,25,23,27
Gadus macrocephalus,Pacific cod,7,5,11
Gadus morhua,Atlantic cod,6,3,9
Gadus ogac,Greenland cod,5,2,10
Galeichthys feliceps,White baggar,24,22,26
Galeocerdo cuvier,Tiger shark,26,22,28
Galeoides decadactylus,Lesser African threadfin,26,25,27
Galeorhinus galeus,Tope shark,18,16,20
Galeus melastomus,Blackmouth catshark,17,11,22
Genyonemus lineatus,White croaker,14,11,17
Genypterus blacodes,Pink cusk-eel,15,12,17
Genypterus capensis,Kingklip,21,19,23
Genypterus chilensis,Red cusk-eel,24,22,26
Genypterus maculatus,Black cusk-eel,19,19,19
Gerres nigri,Guinean striped mojarra,26,25,27
Gerres oblongus,Slender silverbiddy,28,27,28
Gerres oyena,Common silver-biddy,28,27,28
Geryon quinquedens,Red crab,23,17,26
Ginglymostoma cirratum,Nurse shark,27,26,28
Girella nigricans,Opaleye,22,19,25
Girella tricuspidata,Luderick,16,15,17
Glycymeris glycymeris,Dog cockle,12,9,15
Glyptocephalus cynoglossus,Witch,7,4,9
Glyptocephalus zachirus,Rex sole,7,4,10
Gnathanodon speciosus,Golden trevally,28,27,28
Gobionotothen acuta,Triangular notothen,3,2,4
Gobionotothen gibberifrons,Humped rockcod,3,0,6
Gobius niger,Black goby,12,7,17
Grammoplites suppositus,Spotfin flathead,27,26,28
Gymnosarda unicolor,Dogtooth tuna,27,27,28
Gymnura altavela,Spiny butterfly ray,27,26,28
Halargyreus johnsonii,Slender codling,19,15,23
Haliotis gigantea,Giant abalone,18,16,20
Haliotis midae,Perlemoen abalone,25,22,28
Haliotis rubra,Blacklip abalone,15,15,17
Haliotis tuberculata,Tuberculate abalone,19,17,20
Haliporoides diomedeae,Chilean nylon shrimp,22,19,25
Haliporoides sibogae,Jack-knife shrimp,26,25,28
Haliporoides triarthrus,Knife shrimp,21,19,24
Halobatrachus didactylus,Lusitanian toadfish,22,18,26
Harpadon nehereus,Bombay duck,28,27,29
Helicolenus dactylopterus,Blackbelly rosefish,22,18,26
Hemiramphus brasiliensis,Ballyhoo,26,24,28
Herklotsichthys quadrimaculatus,Bluestripe herring,28,27,28
Heterocarpus reedi,Chilean nylon shrimp,14,14,15
Heterocarpus vicarius,Northern nylon shrimp,24,21,26
Hexanchus griseus,Bluntnose sixgill shark,24,20,27
Hilsa kelee,Kelee shad,28,28,28
Himantura gerrardi,Sharpnose stingray,24,20,27
Hippoglossoides elassodon,Flathead sole,7,4,11
Hippoglossoides platessoides,American plaice,7,4,10
Hippoglossus hippoglossus,Atlantic halibut,7,4,11
Hippoglossus stenolepis,Pacific halibut,6,4,8
Homarus americanus,American lobster,8,6,10
Homarus gammarus,European lobster,14,11,17
Hoplostethus atlanticus,Orange roughy,18,15,20
Hoplostethus mediterraneus mediterraneus,Mediterranean slimehead,22,17,26
Hydrolagus colliei,Spotted ratfish,15,9,18
Hydrolagus mirabilis,Large-eyed rabbitfish,22,17,25
Hydrolagus novaezealandiae,Dark ghost shark,15,13,16
Hyperoglyphe antarctica,Antarctic butterfish,14,11,16
Hyperoglyphe bythites,Black driftfish,27,26,27
Hypomesus pretiosus,Surf smelt,11,10,12
Hypoptychus dybowskii,Korean sandeel,7,5,10
Hyporhamphus sajori,Japanese halfbeak,27,26,29
Ibacus ciliatus,Sand Crayfish,22,20,25
Ilisha africana,West African ilisha,26,26,27
Ilisha elongata,Elongate ilisha,23,18,26
Illex argentinus,Argentine shortfin squid,10,8,12
Illex coindetii,Broadtail shortfin squid,22,18,25
Illex illecebrosus,Northern shortfin squid,17,12,21
Isacia conceptionis,Cabinza grunt,26,23,28
Istiophorus albicans,Atlantic sailfish,26,24,27
Istiophorus platypterus,Indo-Pacific sailfish,26,24,28
Isurus oxyrinchus,Shortfin mako,25,22,28
Isurus paucus,Longfin mako,27,26,28
Jasus edwardsii,Red rock lobster,15,14,17
Jasus frontalis,Juan Fernandez rock lobster,18,16,19
Jasus lalandii,Cape rock lobster,17,16,18
Jasus novaehollandiae,Southern rock lobster,15,15,15
Jasus verreauxi,Green rock lobster,16,14,18
Joturus pichardi,Bobo mullet,27,26,27
Kathetostoma giganteum,Giant stargazer,13,12,15
Katsuwonus pelamis,Skipjack tuna,26,24,27
Konosirus punctatus,Konoshiro gizzard shad,17,15,20
Kyphosus sectatrix,Bermuda sea chub,26,25,27
Labrus bergylta,Ballan wrasse,11,10,13
Lactarius lactarius,False trevally,28,27,28
Laemonema longipes,Longfin codling,7,5,11
Lamna nasus,Porbeagle,16,10,19
Lampanyctodes hectoris,Hectors lanternfish,18,16,19
Lampris guttatus,Opah,23,18,26
Larimichthys croceus,Large yellow croaker,23,20,25
Larimichthys polyactis,Yellow croaker,18,16,20
Lateolabrax japonicus,Japanese seaperch,26,24,28
Lates calcarifer,Barramundi,28,26,29
Leiostomus xanthurus,Spot croaker,23,20,26
Lepidocybium flavobrunneum,Escolar,26,24,28
Lepidonotothen larseni,Lepidonotothen larseni,1,-1,3
Lepidonotothen mizops,Toad notothen,4,3,5
Lepidonotothen nudifrons,Gaudy notothen,-1,-1,-1
Lepidonotothen squamifrons,Grey rockcod,1,0,3
Lepidoperca pulchella,Orange perch,16,15,17
Lepidopsetta bilineata,Rock sole,5,4,9
Lepidopus caudatus,Silver scabbardfish,24,19,27
Lepidorhombus boscii,Fourspotted megrim,14,9,19
Lepidorhombus whiffiagonis,Megrim,16,12,19
Lepidorhynchus denticulatus,Thorntooth grenadier,15,13,17
Lepidotrigla cavillone,Large-scaled gurnard,21,18,24
Lethrinus atlanticus,Atlantic emperor,27,26,27
Lethrinus borbonicus,Snubnose emperor,27,27,28
Lethrinus harak,Thumbprint emperor,28,27,29
Lethrinus lentjan,Pink ear emperor,28,27,28
Lethrinus mahsena,Sky emperor,28,27,28
Lethrinus microdon,Smalltooth emperor,28,27,28
Lethrinus nebulosus,Spangled emperor,27,26,28
Lethrinus obsoletus,Orange-striped emperor,28,27,28
Lethrinus xanthochilus,Yellowlip emperor,28,26,29
Leucoraja circularis,Sandy ray,8,5,12
Leucoraja erinacea,Little skate,12,10,13
Leucoraja fullonica,Shagreen ray,10,5,16
Leucoraja naevus,Cuckoo ray,17,11,22
Lichia amia,Leerfish,26,24,28
Limanda aspera,Yellowfin sole,7,4,12
Limanda ferruginea,Yellowtail flounder,7,6,9
Limanda limanda,Dab,10,9,12
Limulus polyphemus,Horseshoe crab,24,21,26
Liocarcinus depurator,Blue-leg swimcrab,15,12,18
Lithodes aequispina,Same-spine stone crab,7,5,9
Lithodes antarcticus,Southern king crab,9,8,11
Lithodes maia,Stone king crab,5,3,9
Lithognathus lithognathus,White steenbras,20,18,24
Lithognathus mormyrus,Striped seabream,24,20,27
Littorina littorea,Common periwinkle,9,7,12
Liza aurata,Golden grey mullet,16,13,19
Liza klunzingeri,Klunzingers mullet,27,26,27
Liza saliens,Leaping mullet,11,6,15
Lobotes surinamensis,Atlantic tripletail,27,25,28
Loligo forbesii,Veined Squid,25,21,27
Loligo gahi,Patagonian squid,11,8,14
Loligo opalescens,California market squid,15,13,18
Loligo pealeii,Longfin squid,21,11,25
Loligo vulgaris,Cape Hope squid,18,17,19
Lophius americanus,American angler,9,7,12
Lophius budegassa,Black-bellied angler,25,23,28
Lophius piscatorius,Angler,14,10,17
Lophius vaillanti,Shortspine African angler,25,23,27
Lophius vomerinus,Cape monk,21,19,25
Lopholatilus chamaeleonticeps,Great northern tilefish,25,22,28
Loxechinus albus,Chilean sea urchin,13,11,15
Lutjanus argentimaculatus,Mangrove red snapper,27,26,28
Lutjanus argentiventris,Yellow snapper,28,27,28
Lutjanus bohar,Two-spot red snapper,28,27,28
Lutjanus campechanus,Northern red snapper,24,21,27
Lutjanus gibbus,Humpback red snapper,28,27,28
Lutjanus johnii,Johns snapper,28,27,28
Lutjanus kasmira,Common bluestripe snapper,27,26,29
Lutjanus malabaricus,Malabar blood snapper,28,27,28
Lutjanus purpureus,Southern red snapper,27,27,27
Lutjanus quinquelineatus,Five-lined snapper,27,26,29
Lutjanus synagris,Lane snapper,27,25,28
Macrodon ancylodon,King weakfish,26,25,28
Macroramphosus scolopax,Longspine snipefish,26,23,28
Macrourus berglax,Onion-eye grenadier,6,2,9
Macrourus holotrachys,Bigeye grenadier,9,7,12
Macruronus magellanicus,Patagonian grenadier,9,8,11
Macruronus novaezelandiae,Blue grenadier,13,11,15
Mactra sachalinensis,Hen clam,18,12,22
Maja squinado,Spinous spider crab,20,17,23
Makaira indica,Black marlin,27,26,28
Makaira nigricans,Atlantic blue marlin,25,23,27
Mallotus villosus,Capelin,3,1,5
Mancopsetta maculata antarctica,Antarctic armless flounder,3,2,4
Martialia hyadesi,Sevenstar flying squid,13,11,15
Maurolicus muelleri,Pearlsides,22,16,26
Megabalanus psittacus,Giant barnacle,14,12,15
Megalaspis cordyla,Torpedo scad,28,27,28
Megalops atlanticus,Tarpon,26,25,27
Megalops cyprinoides,Indo-Pacific tarpon,28,28,29
Meganyctiphanes norvegica,Norwegian krill,7,3,11
Melanogrammus aeglefinus,Haddock,7,5,10
Mene maculata,Moonfish,28,27,28
Menidia menidia,Atlantic silverside,10,7,14
Menippe mercenaria,Black stone crab,24,22,26
Menticirrhus littoralis,Gulf kingcroaker,26,25,27
Menticirrhus saxatilis,Northern kingcroaker,26,24,28
Mercenaria mercenaria,Northern quahog,17,12,21
Meretrix lusoria,Japanese hard clam,17,15,19
Merlangius merlangus,Whiting,11,9,14
Merluccius angustimanus,Panama hake,24,22,26
Merluccius australis,Southern hake,11,9,13
Merluccius bilinearis,Silver hake,7,5,10
Merluccius capensis,Shallow-water Cape hake,17,17,18
Merluccius gayi gayi,South Pacific hake,14,13,15
Merluccius hubbsi,Argentine hake,14,10,19
Merluccius merluccius,European hake,18,15,20
Merluccius polli,Benguela hake,26,25,27
Merluccius productus,North Pacific hake,15,13,18
Merluccius senegalensis,Senegalese hake,21,20,22
Mesodesma donacium,Macha clam,17,15,19
Metanephrops andamanicus,Andaman lobster,28,28,28
Metanephrops challengeri,New Zealand lobster,14,13,16
Metanephrops mozambicus,Mozambique lobster,26,25,27
Metapenaeus endeavouri,Endeavour shrimp,27,26,28
Metapenaeus joyneri,Shiba shrimp,26,24,28
Metapenaeus monoceros,Speckled shrimp,27,26,29
Meuschenia scaber,Velvet leatherjacket,15,15,17
Microchirus variegatus,Thickback sole,17,10,22
Microcosmus sulcatus,Grooved sea squirt,18,17,19
Microgadus proximus,Pacific tomcod,7,4,10
Microgadus tomcod,Atlantic tomcod,9,6,11
Micromesistius australis,Southern blue whiting,9,7,11
Micromesistius poutassou,Blue whiting,15,10,19
Micropogonias furnieri,Whitemouth croaker,24,21,26
Micropogonias undulatus,Atlantic croaker,26,25,27
Microstomus kitt,Lemon sole,6,3,10
Microstomus pacificus,Dover sole,11,6,16
Miichthys miiuy,Mi-iuy croaker,23,22,24
Mobula mobular,Devil fish,19,15,23
Mola mola,Ocean sunfish,26,23,27
Molva dypterygia,Blue ling,11,5,17
Molva molva,Ling,14,10,17
Monotaxis grandoculis,Humpnose big-eye bream,28,27,28
Mora moro,Common mora,23,19,26
Morone americana,White perch,15,10,21
Morone saxatilis,Striped sea-bass,21,16,25
Mugil cephalus,Flathead mullet,27,25,28
Mugil liza,Liza,26,24,28
Mugil soiuy,So-iuy mullet,11,7,13
Mulloidichthys flavolineatus,Yellowstripe goatfish,27,26,29
Mullus argentinae,Argentine goatfish,20,17,23
Mullus barbatus,Red mullet,17,12,22
Mullus surmuletus,Striped red mullet,19,13,23
Muraena helena,Mediterranean moray,20,14,24
Muraenesox cinereus,Daggertooth pike conger,28,27,28
Muraenolepis microps,Smalleye moray cod,-1,-2,-1
Mustelus asterias,Starry smooth-hound,10,6,14
Mustelus henlei,Brown smooth-hound,27,26,28
Mustelus lenticulatus,Spotted estuary smooth-hound,15,13,16
Mustelus mustelus,Smooth-hound,26,23,28
Mustelus schmitti,Narrownose smooth-hound,13,12,16
Mya arenaria,Sand gaper,10,7,13
Mycteroperca bonaci,Black grouper,27,26,27
Mycteroperca microlepis,Gag,26,24,27
Mycteroperca phenax,Scamp,23,20,26
Mycteroperca venenosa,Yellowfin grouper,27,26,27
Mycteroperca xenarcha,Broomtail grouper,28,27,28
Myliobatis aquila,Common eagle ray,26,23,28
Mytilus chilensis,Chilean mussel,12,9,14
Mytilus coruscus,Korean mussel,16,15,18
Mytilus edulis,Blue mussel,8,4,11
Mytilus galloprovincialis,Mediterranean mussel,17,14,19
Mytilus planulatus,Australian mussel,26,23,28
Mytilus platensis,River Plata mussel,14,13,14
Myxine glutinosa,Hagfish,11,6,17
Naso unicornis,Bluespine unicornfish,28,27,28
Necora puber,Velvet swimcrab,10,9,12
Nemadactylus bergi,White morwong,12,10,14
Nemadactylus macropterus,Tarakihi,27,25,28
Nematalosa nasus,Blochs gizzard shad,25,22,28
Nematopalaemon schmitti,Whitebelly prawn,27,27,27
Nemipterus japonicus,Japanese threadfin bream,28,27,29
Nemipterus randalli,Randalls threadfin bream,28,27,28
Nemipterus virgatus,Golden threadfin bream,27,26,28
Neocyttus rhomboidalis,Spiky oreo,17,15,19
Neopagetopsis ionah,Bible icefish,-2,-2,-1
Nephrops norvegicus,Norway lobster,17,14,20
Nezumia aequalis,Common Atlantic grenadier,22,18,25
Nibea mitsukurii,Nibe croaker,21,20,22
Normanichthys crockeri,Normans camote,17,16,19
Notorynchus cepedianus,Broadnose sevengill shark,18,16,22
Notothenia coriiceps,Yellowbelly rockcod,0,-1,2
Notothenia rossii,Marbled rockcod,4,1,7
Nototodarus sloanii,Wellington flying squid,15,13,17
Oblada melanura,Saddled seabream,24,21,26
Octopus vulgaris,Common octopus,26,23,28
Ocyurus chrysurus,Yellowtail snapper,26,25,28
Odontesthes regia,Silverside,18,16,19
Ommastrephes bartramii,Neon flying squid,25,21,27
Oncorhynchus gorbuscha,Pink salmon,5,3,9
Oncorhynchus keta,Chum salmon,5,3,8
Oncorhynchus kisutch,Coho salmon,4,3,6
Oncorhynchus masou,Cherry salmon,8,5,13
Oncorhynchus mykiss,Rainbow trout,9,6,12
Oncorhynchus nerka,Sockeye salmon,4,3,6
Oncorhynchus tshawytscha,Chinook salmon,6,4,8
Ophiodon elongatus,Lingcod,11,7,16
Opisthonema libertate,Pacific thread herring,27,25,28
Opisthonema oglinum,Atlantic thread herring,26,25,28
Orcynopsis unicolor,Plain bonito,18,17,20
Orthopristis chrysoptera,Pigfish,24,22,27
Osmerus eperlanus,European smelt,10,9,11
Osmerus mordax,Atlantic rainbow smelt,3,1,5
Ostrea chilensis,Chilean flat oyster,25,21,27
Ostrea edulis,European flat oyster,15,12,18
Ostrea lurida,Olympia flat oyster,14,11,18
Ostrea lutaria,New Zealand dredge oyster,14,12,16
Otolithes ruber,Tiger-toothed croaker,28,27,28
Oxynotus centrina,Angular roughshark,26,24,28
Oxynotus paradoxus,Sailfin roughshark,18,16,20
Pagellus acarne,Axillary seabream,19,18,20
Pagellus bellottii bellottii,Red pandora,25,22,26
Pagellus bogaraveo,Blackspot seabream,18,16,20
Pagellus erythrinus,Common pandora,18,16,20
Pagrus auriga,Redbanded seabream,23,20,26
Pagrus caeruleostictus,Bluespotted seabream,23,20,26
Pagrus pagrus,Common seabream,25,21,27
Palaemon longirostris,Delta prawn,11,10,13
Palaemon serratus,Common prawn,17,14,19
Palinurus delagoae,Natal spiny lobster,25,24,26
Palinurus elephas,Common spiny lobster,13,10,17
Palinurus gichristi,Southern spiny lobster,18,16,21
Palinurus mauritanicus,Pink spiny lobster,18,17,19
Pampus argenteus,Silver pomfret,26,23,28
Pandalopsis japonica,Sidestripe shrimp,8,5,13
Pandalus borealis,Northern prawn,5,3,9
Pandalus goniurus,Humpy shrimp,4,3,6
Pandalus hypsinotus,Humpback shrimp,7,4,10
Pandalus kessleri,Grass shrimp,5,4,7
Pandalus montagui,Aesop shrimp,6,2,9
Panopea abrupta,Pacific geoduck,8,6,10
Panulirus argus,Caribbean spiny lobster,27,26,27
Panulirus cygnus,Australian spiny lobster,21,20,22
Panulirus gracilis,Blue spiny lobster,27,25,28
Panulirus homarus,Scalloped spiny lobster,27,27,28
Panulirus longipes,Longlegged spiny lobster,27,26,29
Paphies australis,Pipi wedge clam,20,15,24
Paracentrotus lividus,Stony sea urchin,17,14,19
Paralabrax humeralis,Peruvian rock seabass,26,24,28
Paralichthys californicus,California flounder,17,14,20
Paralichthys dentatus,Summer flounder,15,12,20
Paralichthys olivaceus,Bastard halibut,20,17,23
Paralithodes brevipes,Spiny king crab,5,4,6
Paralithodes camtschaticus,Red king crab,6,3,9
Paralithodes platypus,Blue King Crab,4,3,4
Paralomis aculeata,Red stone crab,1,-1,3
Paralomis granulosa,Softshell red crab,10,8,11
Paralomis spinosissima,Antarctic stone crab,1,-1,3
Paralonchurus peruanus,Peruvian banded croaker,21,20,22
Parapenaeopsis atlantica,Guinea shrimp,26,25,27
Parapenaeus longirostris,Deepwater rose shrimp,25,23,27
Parapercis colias,Blue cod,13,12,15
Parapristipoma octolineatum,African striped grunt,27,26,28
Parastromateus niger,Black pomfret,28,27,28
Paratrachichthys trailli,Sandpaper fish,17,16,20
Paristiopterus labiosus,Giant boarfish,23,18,27
Parona signata,Parona leatherjacket,24,22,26
Parophrys vetula,English sole,10,8,12
Patagonotothen brevicauda,Patagonian rockcod,10,7,12
Patagonotothen ramsayi,Ramsay's icefish,10,8,11
Patinopecten caurinus,Weathervane scallop,8,6,11
Pecten jacobaeus,Great Mediterranean scallop,20,19,20
Pecten maximus,Great Atlantic scallop,12,11,15
Pecten novaezelandiae,New Zealand scallop,16,15,17
Pecten yessoensis,Yesso scallop,18,15,21
Pegusa lascaris,Sand sole,26,23,28
Pelates quadrilineatus,Fourlined terapon,27,25,29
Pellona ditchela,Indian pellona,28,27,28
Penaeus aztecus,Northern brown shrimp,20,16,24
Penaeus brasiliensis,Redspotted shrimp,27,26,27
Penaeus brevirostris,Crystal shrimp,26,23,28
Penaeus californiensis,Yellowleg shrimp,25,22,27
Penaeus chinensis,Fleshy prawn,21,20,24
Penaeus duorarum,Northern pink shrimp,25,23,26
Penaeus indicus,Indian white prawn,27,27,28
Penaeus japonicus,Kuruma prawn,26,23,28
Penaeus kerathurus,Caramote prawn,23,20,26
Penaeus latisulcatus,Western king prawn,26,24,28
Penaeus merguiensis,Banana prawn,28,27,28
Penaeus monodon,Giant tiger prawn,26,23,28
Penaeus notialis,Southern pink shrimp,27,27,27
Penaeus occidentalis,Western white shrimp,26,24,28
Penaeus paulensis,Sao Paulo shrimp,15,13,18
Penaeus penicillatus,Redtail prawn,28,27,28
Penaeus semisulcatus,Green tiger prawn,27,26,29
Penaeus setiferus,Northern white shrimp,24,23,25
Penaeus stylirostris,Blue shrimp,25,22,28
Penaeus vannamei,Whiteleg shrimp,27,26,28
Pennahia anea,Greyfin croaker,28,28,28
Pennahia argentata,White croaker,24,23,26
Pentaceros decacanthus,Bigspined boarfish,20,18,23
Pentanemus quinquarius,Royal threadfin,26,24,27
Peprilus simillimus,Pacific pompano,16,13,20
Peprilus triacanthus,American butterfish,19,11,23
Percophis brasiliensis,Brazilian flathead,18,14,22
Perna perna,South American rock mussel,26,24,28
Perna viridis,Brown mussel,26,24,28
Petromyzon marinus,Sea lamprey,11,6,16
Petrus rupestris,Red steenbras,20,18,21
Phycis blennoides,Greater forkbeard,16,12,19
Phycis phycis,Forkbeard,20,19,20
Pitar rostratus,Rostrate pitar,21,20,23
Placopecten magellanicus,American sea scallop,8,5,10
Platichthys flesus,Flounder,12,10,15
Platichthys stellatus,Starry flounder,4,2,8
Platycephalus indicus,Bartail flathead,27,27,28
Plectorhinchus gaterinus,Blackspotted rubberlips,27,26,28
Plectorhinchus macrolepis,Biglip grunt,27,26,27
Plectorhinchus mediterraneus,Rubberlip grunt,23,20,26
Plectorhinchus pictus,Trout sweetlips,28,27,28
Plectorhinchus schotaf,Minstrel sweetlip,27,26,29
Plectropomus areolatus,Squaretail coralgrouper,28,27,28
Plectropomus pessuliferus,Roving coralgrouper,28,27,29
Pleoticus muelleri,Argentine red shrimp,14,12,16
Pleoticus robustus,Royal red shrimp,25,22,27
Plesiopenaeus edwardsianus,Scarlet shrimp,25,23,27
Pleuragramma antarcticum,Antarctic silverfish,-2,-2,-2
Pleurogrammus azonus,Okhostk atka mackerel,10,6,15
Pleuroncodes monodon,Squat Lobster,17,15,19
Pleuroncodes planipes,Pelagic red crab,25,23,27
Pleuronectes platessus,European plaice,12,9,15
Pleuronectes quadrituberculatus,Alaska plaice,4,2,5
Pleuronichthys decurrens,Curlfin sole,14,10,18
Pogonias cromis,Black drum,24,22,27
Pogonophryne permitini,Pogonophryne permitini,-2,-2,-2
Pollachius pollachius,Pollack,10,9,12
Pollachius virens,Saithe,8,4,11
Pollicipes pollicipes,Barnacle,19,18,20
Polydactylus quadrifilis,Giant African threadfin,27,26,27
Polyprion americanus,Wreckfish,18,15,21
Polyprion oxygeneios,Hapuka,17,15,18
Pomacanthus maculosus,Yellowbar angelfish,27,26,28
Pomadasys argenteus,Silver grunt,27,26,29
Pomadasys incisus,Bastard grunt,27,25,28
Pomadasys jubelini,Sompat grunt,26,25,27
Pomadasys kaakan,Javelin grunter,27,26,29
Pomadasys stridens,Striped piggy,27,26,28
Pomatomus saltator,Bluefish,27,25,28
Pontinus kuhlii,Offshore rockfish,27,25,28
Portunus pelagicus,Blue swimming crab,27,26,29
Portunus trituberculatus,Gazami crab,26,24,28
Priacanthus macracanthus,Red bigeye,28,27,28
Prionace glauca,Blue shark,23,18,26
Prolatilus jugularis,Tilefish,16,14,18
Promethichthys prometheus,Roudi escolar,26,24,28
Protothaca staminea,Pacific littleneck clam,8,6,11
Protothaca thaca,Taca clam,19,15,23
Psenopsis anomala,Melon seed,22,21,24
Psettichthys melanostictus,West American sand sole,10,7,11
Psettodes belcheri,Spottail spiny turbot,27,25,27
Psettodes erumei,Indian spiny turbot,28,27,29
Pseudocaranx dentex,White trevally,20,18,23
Pseudochaenichthys georgianus,South Georgia icefish,-1,-1,0
Pseudocyttus maculatus,Smooth oreo,12,6,17
Pseudopentaceros richardsoni,Pelagic armorhead,17,16,18
Pseudopercis semifasciata,Pigletfish,14,12,16
Pseudophycis bachus,Red codling,14,13,15
Pseudopleuronectes americanus,Winter flounder,10,8,12
Pseudopleuronectes herzensteini,Littlemouth flounder,12,9,15
Pseudotolithus elongatus,Bobo croaker,26,26,27
Pseudotolithus senegalensis,Cassava croaker,26,25,27
Pseudotolithus senegallus,Law croaker,27,25,27
Pseudupeneus prayensis,West African goatfish,27,26,28
Pterogymnus laniarius,Panga seabream,20,18,24
Pteroscion peli,Boe drum,25,24,27
Pterothrissus belloci,Longfin bonefish,25,24,27
Pterygotrigla polyommata,Latchet,17,16,18
Pyura chilensis,Red sea squirt,12,11,13
Pyura stolonifera,Red bait,17,15,18
Rachycentron canadum,Cobia,27,25,28
Raja asterias,Starry ray,15,12,17
Raja brachyura,Blonde ray,15,9,20
Raja clavata,Thornback ray,17,14,20
Raja microocellata,Small-eyed ray,14,12,16
Raja montagui,Spotted ray,14,9,20
Raja undulata,Undulate ray,18,12,23
Rastrelliger brachysoma,Short mackerel,28,28,28
Rastrelliger kanagurta,Indian mackerel,28,27,28
Regalecus glesne,King of herrings,22,18,25
Reinhardtius evermanni,Kamchatka flounder,6,4,10
Reinhardtius hippoglossoides,Greenland halibut,6,4,9
Rexea solandri,Silver gemfish,17,15,18
Rhabdosargus globiceps,White stumpnose,21,19,25
Rhabdosargus haffara,Haffara seabream,27,25,28
Rhinobatos percellens,Chola guitarfish,26,25,28
Rhinobatos planiceps,Pacific guitarfish,24,22,26
Rhinochimaera atlantica,Spearnose chimaera,25,23,28
Rhomboplites aurorubens,Vermilion snapper,27,26,27
Rhynchobatus djiddensis,Giant guitarfish,27,26,29
Ruditapes decussatus,Grooved carpet shell,17,13,22
Ruditapes philippinarum,Japanese carpet shell,18,16,20
Ruvettus pretiosus,Oilfish,25,22,28
Salilota australis,Tadpole codling,9,8,11
Salmo salar,Atlantic salmon,9,6,12
Salmo trutta,Sea trout,9,9,10
Salvelinus alpinus,Charr,1,0,3
Sarda chiliensis,Eastern Pacific bonito,19,19,19
Sarda orientalis,Striped bonito,28,27,28
Sarda sarda,Atlantic bonito,23,18,26
Sardina pilchardus,European pilchard,16,13,19
Sardinella aurita,Round sardinella,25,22,27
Sardinella brasiliensis,Brazilian sardinella,26,25,27
Sardinella gibbosa,Goldstripe sardinella,28,28,28
Sardinella lemuru,Bali sardinella,28,27,29
Sardinella longiceps,Indian oil sardine,28,27,28
Sardinella maderensis,Madeiran sardinella,24,21,26
Sardinella zunasi,Japanese sardinella,22,19,24
Sardinops sagax,South American pilchard,22,18,25
Sargocentron spiniferum,Sabre squirrelfish,27,26,29
Sarpa salpa,Salema,25,23,28
Saurida tumbil,Greater lizardfish,28,27,28
Saurida undosquamis,Brushtooth lizardfish,27,24,28
Saxidomus giganteus,Butter clam,7,5,9
Scapharca subcrenata,Half-crenated ark,20,18,22
Scarus ghobban,Blue-barred parrotfish,27,26,29
Scarus persicus,Gulf parrotfish,26,26,27
Schedophilus ovalis,Imperial blackfish,25,22,27
Schedophilus pemarco,Pemarco blackfish,26,25,27
Sciaena umbra,Brown meagre,19,14,23
Sciaenops ocellatus,Red drum,26,24,28
Scolopsis taeniatus,Black-streaked monocle bream,27,26,27
Scomber australasicus,Blue mackerel,24,20,27
Scomber japonicus,Chub mackerel,23,18,27
Scomber scombrus,Atlantic mackerel,12,8,16
Scomberesox saurus,Atlantic saury,20,14,24
Scomberoides commersonnianus,Talang queenfish,28,27,28
Scomberoides lysan,Doublespotted queenfish,28,27,28
Scomberoides tol,Needlescaled queenfish,28,27,28
Scomberomorus brasiliensis,Serra Spanish mackerel,27,27,27
Scomberomorus cavalla,King mackerel,25,22,27
Scomberomorus commerson,Narrow-barred Spanish mackerel,28,27,28
Scomberomorus guttatus,Indo-Pacific king mackerel,28,27,29
Scomberomorus lineolatus,Streaked seerfish,28,28,28
Scomberomorus maculatus,Spanish mackerel,24,22,26
Scomberomorus niphonius,Japanese Spanish mackerel,18,15,20
Scomberomorus regalis,Cero,25,23,27
Scomberomorus sierra,Pacific sierra,25,22,27
Scomberomorus tritor,West African Spanish mackerel,24,22,26
Scophthalmus aquosus,Windowpane,11,9,13
Scophthalmus maximus,Turbot,11,9,14
Scophthalmus rhombus,Brill,11,7,14
Scorpaena porcus,Black scorpionfish,18,16,20
Scorpaena scrofa,Largescaled scorpionfish,25,23,28
Scorpaenichthys marmoratus,Cabezon,13,8,18
Scyliorhinus canicula,Smallspotted catshark,17,10,22
Scyliorhinus stellaris,Nursehound,16,10,22
Scylla serrata,Indo-Pacific swamp crab,26,24,28
Scyllarides latus,Mediterranean slipper lobster,19,19,20
Scymnodon ringens,Knifetooth dogfish,18,16,20
Sebastes alutus,Pacific ocean perch,6,5,10
Sebastes entomelas,Widow rockfish,9,6,11
Sebastes flavidus,Yellowtail rockfish,11,7,16
Sebastes goodei,Chilipepper,16,11,20
Sebastes marinus,Ocean perch,5,3,6
Sebastes melanops,Black rockfish,11,7,15
Sebastes mentella,Deepwater redfish,4,2,7
Sebastes paucispinis,Bocaccio,8,5,11
Sebastes pinniger,Canary rockfish,8,5,11
Sebastes viviparus,Norway redfish,9,9,9
Sebastolobus alascanus,Shortspine thornyhead,6,4,10
Selar crumenophthalmus,Bigeye scad,27,26,29
Selaroides leptolepis,Yellowstripe scad,28,27,28
Selene dorsalis,African moonfish,24,22,26
Selene setapinnis,Atlantic moonfish,26,24,28
Semele solida,Chilean semele,12,11,14
Semicossyphus pulcher,California sheephead,22,19,25
Sepia officinalis,Common cuttlefish,19,15,23
Seriola dumerili,Greater amberjack,27,26,28
Seriola lalandi,Yellowtail amberjack,26,24,28
Seriolella brama,Common warehou,15,13,16
Seriolella caerulea,White warehou,13,10,16
Seriolella porosa,Choicy ruff,17,16,19
Seriolella punctata,Silver warehou,15,13,16
Seriolina nigrofasciata,Blackbanded trevally,27,26,29
Serranus cabrilla,Comber,23,20,27
Sicyonia brevirostris,Rock shrimp,25,23,27
Sicyonia ingentis,Ridgeback shrimp,19,17,21
Siliqua patula,Pacific razor clam,7,5,9
Sillago sihama,Silver sillago,27,26,28
Solea senegalensis,Senegalese sole,21,16,25
Solea solea,Common sole,16,12,19
Solen vagina,European razor clam,10,7,15
Solenocera agassizii,Kolibri shrimp,26,24,27
Somniosus microcephalus,Greenland shark,7,3,10
Somniosus rostratus,Little sleeper shark,26,24,28
Sparus auratus,Gilthead seabream,26,22,28
Spectrunculus grandis,Pudgy cuskeel,22,18,26
Sphoeroides maculatus,Northern puffer,12,8,18
Sphyraena barracuda,Great barracuda,27,26,28
Sphyraena jello,Pickhandle barracuda,27,25,29
Sphyraena obtusata,Obtuse barracuda,28,27,28
Sphyrna lewini,Scalloped hammerhead,27,25,28
Sphyrna zygaena,Smooth hammerhead,25,22,28
Spicara maena,Blotched picarel,16,12,19
Spisula ovalis,Venus clam,11,10,12
Spisula polynyma,Stimpsons surf clam,4,2,6
Spisula solida,Surf clam,11,9,12
Spisula solidissima,Atlantic surf clam,14,9,20
Spondyliosoma cantharus,Black seabream,19,14,23
Spratelloides gracilis,Silverstriped round herring,28,28,28
Sprattus fuegensis,Falkland sprat,9,8,11
Sprattus sprattus,European sprat,12,9,16
Sprattus sprattus balticus,Baltic sprat,9,8,10
Squalus acanthias,Piked dogfish,16,10,19
Squatina argentina,Argentine angelshark,13,11,15
Squatina squatina,Angelshark,15,12,18
Squilla mantis,Spottail mantis squillid,22,19,25
Stenotomus chrysops,Scup,20,16,23
Stephanolepis cirrhifer,Thread-sail filefish,22,21,23
Stereolepis gigas,Giant sea-bass,22,18,25
Strangomera bentincki,Araucanian herring,13,13,14
Stromateus fiatola,Blue butterfish,25,23,28
Symphodus melops,Corkwing wrasse,12,7,16
Synagrops japonicus,Japanese splitfin,27,25,28
Takifugu vermicularis,Pear puffer,14,13,16
Tapes pullastra,Pullet carpet shell,13,10,16
Tapes rhomboides,Banded carpet shell,13,10,17
Tautoga onitis,Tautog,14,11,17
Tautogolabrus adspersus,Cunner,7,6,9
Tawera gayi,Gay's little venus,12,11,12
Tenualosa ilisha,Hilsa shad,27,26,28
Tenualosa toli,Toli shad,28,28,28
Tetrapturus albidus,Atlantic white marlin,25,23,27
Tetrapturus angustirostris,Shortbill spearfish,27,25,28
Tetrapturus audax,Striped marlin,27,24,28
Tetrapturus pfluegeri,Longbill spearfish,27,26,27
Thalassoma pavo,Ornate wrasse,22,19,25
Thaleichthys pacificus,Eulachon,8,5,10
Thenus orientalis,Flathead lobster,28,27,28
Theragra chalcogramma,Alaska pollack,6,4,8
Thunnus alalunga,Albacore,23,20,26
Thunnus albacares,Yellowfin tuna,26,24,28
Thunnus atlanticus,Blackfin tuna,27,26,28
Thunnus maccoyii,Southern bluefin tuna,16,12,19
Thunnus obesus,Bigeye tuna,26,24,27
Thunnus orientalis,Pacific bluefin tuna,26,22,28
Thunnus thynnus,Northern bluefin tuna,24,19,27
Thunnus tonggol,Longtail tuna,28,27,28
Thyrsites atun,Snoek,14,11,17
Thyrsitops lepidopoides,White snake mackerel,17,15,20
Tivela mactroides,Trigonal tivela,27,26,28
Todarodes pacificus,Japanese flying squid,13,8,19
Todarodes sagittatus,European flying squid,20,15,24
Tonna galea,Helmet ton,26,24,28
Totoaba macdonaldi,Totoaba,20,19,21
Trachinotus blochii,Snubnose pompano,28,28,28
Trachinotus carolinus,Florida pompano,25,23,27
Trachinotus mookalee,Indian pompano,28,28,28
Trachinotus ovatus,Derbio,19,13,23
Trachinus draco,Greater weever,10,6,15
Trachurus capensis,Cape horse mackerel,25,23,27
Trachurus declivis,Greenback horse mackerel,20,15,24
Trachurus japonicus,Japanese jack mackerel,19,15,22
Trachurus lathami,Rough scad,27,26,28
Trachurus mediterraneus,Mediterranean horse mackerel,19,18,20
Trachurus murphyi,Inca scad,15,12,17
Trachurus picturatus,Blue jack mackerel,21,18,24
Trachurus symmetricus,Pacific jack mackerel,13,9,16
Trachurus trachurus,Atlantic horse mackerel,18,14,22
Trachurus trecae,Cunene horse mackerel,25,24,27
Trachypenaeus curvirostris,Southern rough shrimp,27,26,28
Trachyrincus scabrous,Roughsnout grenadier,21,18,24
Trematomus eulepidotus,Blunt scalyhead,-2,-2,-1
Trematomus hansoni,Striped rockcod,1,1,1
Trichiurus lepturus,Largehead hairtail,25,21,28
Trigla lyra,Piper gurnard,24,20,27
Tripterophycis gilchristi,Grenadier cod,22,18,26
Trisopterus esmarkii,Norway pout,9,8,11
Trisopterus luscus,Pouting,12,10,14
Trisopterus minutus,Poor cod,15,12,18
Turbo cornutus,Horned turban,19,18,21
Tylosurus crocodilus,Hound needlefish,28,27,28
Umbrina canariensis,Canary drum,26,24,28
Umbrina canosai,Argentine croaker,19,17,21
Umbrina cirrosa,Shi drum,15,13,18
Upogebia pugettensis,Blue mud shrimp,10,9,11
Urophycis brasiliensis,Brazilian codling,13,10,16
Urophycis chuss,Red hake,10,8,12
Urophycis tenuis,White hake,7,5,9
Valamugil seheli,Bluespot mullet,28,27,28
Variola louti,Yellow-edged lyretail,27,26,29
Venus gallina,Striped venus,14,12,17
Venus verrucosa,Warty venus,19,16,23
Xiphias gladius,Swordfish,26,23,27
Xiphopenaeus kroyeri,Atlantic seabob,26,25,27
Xiphopenaeus riveti,Pacific seabob,27,25,28
Zanclorhynchus spinifer,Spiny horsefish,6,4,9
Zenopsis conchifer,Silvery John dory,25,22,27
Zenopsis nebulosus,Mirror dory,27,24,28
Zeus faber,John dory,23,19,26
Zidona dufresnei,Angulate volute,17,14,19
Zoarces americanus,Ocean pout,7,6,8
Zoarces viviparous,Viviparous blenny,9,8,10
Zygochlamys delicatula,Delicate scallop,13,12,15
Zygochlamys patagonica,Patagonean scallop,9,8,11
